#1 User	#2 Label
uJ4DPgC8LZxsFJ6	Oman
NasrMoza	Qatar
RandaHabib	Jordan
h1kFsEDzLswl4zM	Qatar
hu_dly	Iraq
hayaniabood	Saudi_Arabia
coachamh	Kuwait
A1k2s3r5	Yemen
yOU0Zz2CW48Ks5H	United_Arab_Emirates
BaderBaraka	Kuwait
Msterrelax	Kuwait
albath_1	Saudi_Arabia
Fras__USA	Yemen
mohammedshu84	United_Arab_Emirates
shreyhan9	Saudi_Arabia
mishal_123_	Saudi_Arabia
7usain_bh	Bahrain
Samoh_D29N	Iraq
pal_blogger	Palestine
subhanallah2011	Oman
xvevox	Saudi_Arabia
reemhamdan10	Saudi_Arabia
omaniexplorer	Oman
saleh6845	Saudi_Arabia
f1fe7SEL5UoLdNE	Saudi_Arabia
Mohamed50577744	Egypt
sakariyekaraam1	Somalia
loumbardo	Lebanon
V8__48	Saudi_Arabia
SarahAbd96	Iraq
AshekAlhakeem	Bahrain
XX70000XX	United_Arab_Emirates
Sajida64849164	Mauritania
SirWa7eed	Yemen
CSSQ82	Kuwait
ssdd02221	Saudi_Arabia
Saif_Khalfaan	United_Arab_Emirates
Mj_a33	Saudi_Arabia
marocainonline	Morocco
m_kharashi	Saudi_Arabia
elbasiony_osama	Qatar
sukhonomar	Jordan
moeenzaid	Yemen
al_Ruwaisy	Bahrain
AlawiAlbeladi	Bahrain
aaltaani2	Jordan
Prince_M0Y	Egypt
haifaa_k	Egypt
AlQuodhi94	Oman
alyhamed77	Yemen
space_dist	Yemen
IBRAHIM01967	Syria
Abroretcha1	Egypt
abu3bdulla83	Kuwait
sigma676	Saudi_Arabia
M1NITw8jWDZ0NC1	Yemen
malak9619_	Palestine
kw_beddon	Kuwait
j0cMC3GRnPliDEl	Algeria
askemo24	Saudi_Arabia
Muxyodiin1	Somalia
saudiiiii2030	Saudi_Arabia
MohammedAldaso2	Jordan
zoombrezina_one	Algeria
omabha	Somalia
emad_misr	Egypt
wgxkvJ7CViDHrDf	Egypt
GonewithTheWin7	Saudi_Arabia
fj3235	Saudi_Arabia
newyork2258	Kuwait
x8JQnEXLvlLMtHQ	Jordan
Magnum46739562	Oman
ddtthhdth	Saudi_Arabia
ms4441	Saudi_Arabia
you000227	Qatar
osail48	Saudi_Arabia
Lamaggad	Jordan
_mshoeel	Saudi_Arabia
QipwkStOLr2reVp	Saudi_Arabia
w_smadi	Jordan
dyab2011	Saudi_Arabia
As_moon6	Oman
mfawcom	Saudi_Arabia
salimmsuliman41	Oman
kaled_alroqe	Saudi_Arabia
hadoooy30	Saudi_Arabia
badossari2014	Saudi_Arabia
hmryan4	Jordan
azizabubasel	Saudi_Arabia
ommo3taz1	Egypt
ohoodloca55	Yemen
M_ABOSHAIBA	Kuwait
alfayz200	Saudi_Arabia
bint_alkoot	Kuwait
bader_955	Saudi_Arabia
wafy2199	Saudi_Arabia
Bu_0mair	United_Arab_Emirates
gTjtoUTskI2SWCx	Algeria
a96025363	Oman
MOONMOON_12345	Palestine
DrIMahmood	United_Arab_Emirates
Sarah_Al_motair	Saudi_Arabia
rsh_rsh_k	Saudi_Arabia
AL_ZAABIF	United_Arab_Emirates
AliElsafiPure	Sudan
aziz_omary	Saudi_Arabia
wasm1435	Saudi_Arabia
rak6000	Yemen
om_aws6	Saudi_Arabia
fragrh	Syria
sul6an0007	Saudi_Arabia
waad_algeddafi	Libya
SkyNewsLibyan	Libya
adnanLondon7	Palestine
BuAjeel	Kuwait
cohli1	Saudi_Arabia
alfaisal159	Saudi_Arabia
zamanalwsl	Syria
fllowoers_1	Saudi_Arabia
assemismail	Kuwait
0mraan	Qatar
rawan_isra	Algeria
samikhalid9879	Saudi_Arabia
I0EC4va3Je2F6Au	Iraq
wild_alfereej	Qatar
U177_	Saudi_Arabia
SamsungGold1	Saudi_Arabia
saleemq880	Kuwait
algabery	Egypt
asl_alarb	Iraq
hamooodalsaad	Saudi_Arabia
saifali332213	Saudi_Arabia
aseelab7	Jordan
lina_kabaweh	Lebanon
Ramy_Naguib	Egypt
ArabCastle	Saudi_Arabia
Meeeraaaa6	United_Arab_Emirates
AhmdMm30	Egypt
5arj0alsrbq	Saudi_Arabia
as10jj	Saudi_Arabia
Momanij	Jordan
kald6786721	Saudi_Arabia
Al_hagigh_takfi	Yemen
678Sameer	Jordan
hamoodbinhamad	United_Arab_Emirates
Msabd67	Mauritania
abumajid1975	Saudi_Arabia
Asd97061013	Saudi_Arabia
hamrawi0031	Algeria
jzs6MQf53EgeA8q	Tunisia
outobh	Bahrain
please_smile___	Saudi_Arabia
7atemiyanoo	Saudi_Arabia
umrakan77	Kuwait
farhaaan_sand	Kuwait
999Saydoo	Bahrain
alishehri1400	Saudi_Arabia
inader85	Saudi_Arabia
hidayaibra	Palestine
HighSky777	Oman
KuwaitFighter	Kuwait
sFX5QMnVLY3Tc0r	Saudi_Arabia
abdual2030	Saudi_Arabia
hgnbv99	Saudi_Arabia
Omar_Alljanabi	Iraq
NadaElbaz7	Egypt
Noura99533686	Saudi_Arabia
bosaud412	Saudi_Arabia
Lafi_al3rak72	Kuwait
ShorouqHilal	Jordan
DossdossKamelia	Algeria
MuftahRzeg	Libya
dya_bamakhrama	Djibouti
hibashookari	Somalia
Ahmed_Alhakami9	Saudi_Arabia
libyanelshiply	Libya
bndr19801	Saudi_Arabia
nabaakw	Kuwait
MoeAalam	Egypt
e3aziz	Saudi_Arabia
king__khald	Saudi_Arabia
AishaJumaan	Yemen
m999ad	United_Arab_Emirates
6ouzouaid	Algeria
tahreer16452449	Saudi_Arabia
Umkhalid1205	Bahrain
altaherianwar	Kuwait
shahadalmalki33	Saudi_Arabia
ali313_hosaun	Iraq
F_Alqaisi_	Jordan
ahmed_algoblan	Saudi_Arabia
nasser2k10	Lebanon
SkyFalcon5	Qatar
YasserBassal3	Lebanon
GalaxyQq10	Yemen
h_hajbi	Tunisia
adel5the5diver	Saudi_Arabia
OfvFi	Qatar
h_baqutadah	Saudi_Arabia
AmgadSaiff	Yemen
aziz_al3almy	Saudi_Arabia
AlkhazarLuay	Iraq
sanadalmter	Kuwait
CheGuevara045	Iraq
aasaeeda	Saudi_Arabia
mousa_abdallah	Lebanon
moh_magrabi99	Jordan
t_wobr	Libya
malek_kawas	Saudi_Arabia
Magjda_AlOtaibi	Saudi_Arabia
Reham_FRM	Kuwait
lEObwxQ0aGfXTMy	Iraq
khatona_Ba	Iraq
MazenMobile76	Iraq
_oman22	Oman
wjood_talal	Saudi_Arabia
izzAzzuz	Palestine
Hashimsidig	Sudan
MALShamsi2	United_Arab_Emirates
haaaaa999	Qatar
Sara973Fares	Lebanon
Alareqqtr1	Qatar
wallhan3	United_Arab_Emirates
mahmoud81257100	Egypt
jawaheralsabah	Kuwait
79oo9_89	Qatar
_Seen_4	Saudi_Arabia
MohAD2442	Saudi_Arabia
meezo_86	Jordan
1106011	Saudi_Arabia
saeedthabit	Yemen
abngaazy	Yemen
MhmdKad_MKad	Sudan
K00_00N	Saudi_Arabia
SoOoSoOoZ	Saudi_Arabia
SudanActual	Sudan
AAlneami	United_Arab_Emirates
Ayooota50	Palestine
SanaaAjil_News	Oman
shero1989	Egypt
moathalqarni	Saudi_Arabia
ABDULLAHALWAN8	Saudi_Arabia
vvhh1037	Saudi_Arabia
Pearl65993558	Jordan
MohammedAdali	Libya
aboaziz_alenzi1	Kuwait
OZIizJVCWT4JmLO	Saudi_Arabia
Almarrialfares1	Saudi_Arabia
MK_Alawneh	Jordan
themoon19661	Bahrain
n_alsoli	Saudi_Arabia
RakanGari	Saudi_Arabia
MeedZack3	Qatar
SaeedHamdanT	United_Arab_Emirates
mjdalzyd	Jordan
moha_anwar6	United_Arab_Emirates
khalid46261	Saudi_Arabia
mohadd5	Oman
R_Alfalasi_UAE	United_Arab_Emirates
Fitni__salam	Lebanon
0o94o0	Iraq
Mras64905680	Oman
dhameerwatania	Libya
nona_om_ahmed	Kuwait
ahmadw2005	Egypt
ZDQqDRRN04EI9XS	Libya
NimaaHb	Palestine
hosseinmosa	Libya
Mohamed02536006	Somalia
azizalsafari1	Yemen
unique8444	Syria
5459Moh	Saudi_Arabia
Sam26027	Saudi_Arabia
samsoum06359318	Algeria
YALMoataz	Bahrain
hh_ym	Saudi_Arabia
SalahM1213	Saudi_Arabia
Ghouthah	Saudi_Arabia
sayaf1393	Saudi_Arabia
Binhaidar67	Kuwait
Salnaimi1981	Qatar
ksaif	Saudi_Arabia
Amado246	Syria
saif_aldareei	United_Arab_Emirates
M5awiAlGumarQTR	Qatar
ghazi_almofqaee	Saudi_Arabia
jemmatwi	Saudi_Arabia
hamad3333_r	United_Arab_Emirates
Dr_Alkooheji	Bahrain
alzeweki	Saudi_Arabia
dxb77ad	Saudi_Arabia
hemdan_atek	Yemen
bikloud	Algeria
ashraf_radwan63	Egypt
yhya_jaber	Saudi_Arabia
mmufleh2	Oman
Hudaaaa_____85	Qatar
ak5005ak	Saudi_Arabia
lo0ollwa	Kuwait
A_H_S_OM99	Oman
XaKkHqbB6CMNO5E	Saudi_Arabia
RAAD_LOOTY	Kuwait
king981	Saudi_Arabia
bdonq80	Kuwait
n1n2n3x	Palestine
janjankimo	Syria
azbishco1405	Saudi_Arabia
modan1970	Saudi_Arabia
Bin_Jaleel	Saudi_Arabia
fr7an4u	Sudan
Abderrahmane_TJ	Morocco
h2_jed	United_Arab_Emirates
raad5116	Saudi_Arabia
LumaQaqish	Jordan
ferieloo	Algeria
Oso77S	Saudi_Arabia
Mohammad_Hayek	Jordan
nooriraqi921	Iraq
Dr_HananAl_Said	Kuwait
Mah_al7mdan	Saudi_Arabia
sallaheddin	Egypt
naseralfuraih	Kuwait
almarhoom2010	Saudi_Arabia
Poet1Salm	Saudi_Arabia
HMohdsaeed	Saudi_Arabia
Beyye5	Mauritania
inoof84	Saudi_Arabia
Q4_Qatar	Qatar
isambhr	Yemen
Ahmed64040553	Yemen
ossim10	Saudi_Arabia
n1436ff	Saudi_Arabia
abdullah2020e	Saudi_Arabia
PatchiTED	Tunisia
eslam88099	Egypt
ae_mousa	United_Arab_Emirates
islambadre1	Egypt
OumMery1	Palestine
bin_ml7m	Kuwait
errayssi_ar	Morocco
bbbb7778889	Saudi_Arabia
mxhmx	Saudi_Arabia
khalidqqqq1	Saudi_Arabia
Zaja_bh	Bahrain
hchcoooo	Syria
inagaciye	Somalia
bndr201	Saudi_Arabia
ii_0ii	Saudi_Arabia
alshrfe77	Yemen
hthal4909	Saudi_Arabia
rshash90	Saudi_Arabia
l3yo0o0nha	Saudi_Arabia
tli102	Saudi_Arabia
NesreenaNosa	Palestine
BmmBatal	Saudi_Arabia
alaa_Era	United_Arab_Emirates
sfrs99	Saudi_Arabia
__9ohaib	Sudan
Magdy_Amin711	Yemen
zezesharif	Saudi_Arabia
MurfJh	Syria
MohammedBinIbr8	Qatar
6NV3XGueMXyHhUp	Saudi_Arabia
MA_Cagey	Somalia
turkirouqi1	Saudi_Arabia
naser_nasser10	Palestine
al7oori_ali	Bahrain
taweelalbaa	Sudan
Hash_Asnan	Saudi_Arabia
Balrab2	Syria
IraqSurveys	Iraq
mfplVASDlQHoxpx	Egypt
alyahya341	Qatar
MHS_22	Qatar
mfahhibgoowah	Saudi_Arabia
mesho84	Jordan
DonCaffeino	Morocco
ashraf_madrid	Sudan
kkkkk677	Saudi_Arabia
NaseefG	Bahrain
so_so1234	Kuwait
maazouz22	Mauritania
Sidimdnaji	Algeria
1000tamimi	Palestine
aboali31807998	Yemen
NoorHJawad1	Kuwait
ismaeelsom3a1	Sudan
aldubea	Yemen
qujbml456	Kuwait
Yasser_5000	Egypt
Nada_ben_halim	Libya
busultanx	United_Arab_Emirates
sabatiss	Saudi_Arabia
abalibya	Libya
cherradi	Morocco
al_felwa	Saudi_Arabia
Nadia_Zaal	United_Arab_Emirates
ojaem	Saudi_Arabia
jaw369	United_Arab_Emirates
hsnalhsn12	Kuwait
Dr_SaadAseeri	Saudi_Arabia
mr_racing3000	Bahrain
__qtr	Qatar
YusufDaihi	Bahrain
AlorainyA	Saudi_Arabia
sidi_boydia	Mauritania
HussainAlaskar	Saudi_Arabia
Aihm2K	Oman
nasser_ehab	Libya
alomar_ishraq	Jordan
alhajrimeshal	Kuwait
BltX7ezRc2ln0iz	Yemen
satmimi15	Saudi_Arabia
waelakram4	Somalia
jj2000005	Saudi_Arabia
kulaibm	Saudi_Arabia
maha_mahame	Egypt
lail_star	Palestine
HamadaEldin	Kuwait
alm22330	Saudi_Arabia
7QR91	Qatar
adel_0	Tunisia
naif54243700	Saudi_Arabia
w97DY5kMIFR9ExU	Yemen
AliBakurBarnawi	Saudi_Arabia
abdallahhelmas1	Egypt
isa9_bh	Bahrain
vai_55	Qatar
alfarei_issa	Oman
Zamzam_Gh	Lebanon
MnM4me	Syria
salhsaeed99	Yemen
baljbari	Saudi_Arabia
AkmalAlsagh	Sudan
iMaramahmad	Saudi_Arabia
A96K7FmT77	Yemen
Aimn_Darji	Saudi_Arabia
amns281	Oman
YAl5bvvwvuLo8Q5	Palestine
omaralfb10	Kuwait
alsalami2002	Oman
bintqtrr88	Qatar
Ahmad2saleem	Jordan
aboyusuf77	Palestine
Adasq111	Saudi_Arabia
Fh_kh_	Saudi_Arabia
uRcEeS60gAYfIuC	Sudan
am4899	Saudi_Arabia
hajji_sonia	Tunisia
KHN1949	Saudi_Arabia
jehad_20y	Saudi_Arabia
Anti_Al_ikhwan	Saudi_Arabia
badryhamada	Egypt
grundig750	Saudi_Arabia
AOOffical	United_Arab_Emirates
SULUMBO	Saudi_Arabia
F3_F0	Saudi_Arabia
abdullah1ja	Saudi_Arabia
fahad111407	Saudi_Arabia
sh78q	Qatar
zozaya5698	Iraq
SomaliaNews24	Somalia
BusinessMaste11	Saudi_Arabia
E_A_M_2005	Bahrain
MalyaML7	Algeria
Fatimaalbluosh1	United_Arab_Emirates
Alshaikh2	Saudi_Arabia
Njeebyr	Saudi_Arabia
ZamX2_Gh	Lebanon
NA_15i	Saudi_Arabia
Um_alaa73	Oman
ulpL6bPjcuesmc4	Egypt
omermhw	Sudan
ksa235649	Saudi_Arabia
Ssmart_9919	Oman
sau3000	Saudi_Arabia
MohmmedRfyq	Yemen
Jklrtyasd	Iraq
noraa1966	Saudi_Arabia
Malothmman1	Saudi_Arabia
om2mct	Oman
HmdiSlah	Sudan
7homiH	Saudi_Arabia
safawafa2012	Yemen
mooni_tebib	Algeria
alnono_wbs	Saudi_Arabia
hemohrbiii	Saudi_Arabia
Shafe2Am	Kuwait
Royal_Shield1	Qatar
k91khalifa	Syria
Alhasban2012	Kuwait
khalidk22	Saudi_Arabia
MabroukiD	Morocco
H_Dh_Alshehri	Saudi_Arabia
Makrima_II	Saudi_Arabia
erat_kkes	Saudi_Arabia
th_shehri	Saudi_Arabia
M_AbdulQaderJ	Somalia
MoustaphaYarush	Lebanon
Momaiz93	Saudi_Arabia
AbdullahMoharm	Yemen
WaffaaIkhlas	Algeria
fma17000	Saudi_Arabia
naqqd	Saudi_Arabia
alialojaimi10	Bahrain
Onesomalia3	Somalia
umrabkr	Saudi_Arabia
Saudindustry	Saudi_Arabia
abderrahmanedad	Mauritania
Mahmoud40226335	Egypt
ramzy20301	Yemen
alsawareah	Jordan
Bashir_Darwish2	Yemen
engalasad	Yemen
freedombidooon	Kuwait
kaktoos57	Palestine
FCB007a	United_Arab_Emirates
ZainJo	Jordan
asila_elneel	Sudan
sk_shad1	Saudi_Arabia
medredharahmani	Algeria
hasanenalhijaj	Iraq
RSafdi	Saudi_Arabia
moktarkabd	Saudi_Arabia
xxcc55zzss	Saudi_Arabia
karemienne	Algeria
agricolaquiet	Libya
shazali07	Sudan
gamaraldeenabdo	Sudan
dgdfs5876	Yemen
AHMED_ALSABAI	Yemen
Fitahhashi	Somalia
AbdullahAlhajed	Saudi_Arabia
SEHALIALGHANNA1	Kuwait
abuahmeda123	Saudi_Arabia
logaen_sobhy	Egypt
Njeeb777	Kuwait
AhmedAnseesfar	Sudan
Obaida_Hazaimeh	Jordan
bojooood	Saudi_Arabia
wardamiftah95	Libya
2defb0e1faec400	Saudi_Arabia
440Ahg	Saudi_Arabia
Nay_125	Saudi_Arabia
samali44580450	Saudi_Arabia
azdzad	Sudan
AbuAzooz_72	Saudi_Arabia
abujafar22	Libya
zena_altall	Jordan
abuahmed_harazi	Saudi_Arabia
rashidalmethen	Kuwait
HendZayed	Egypt
yourunfavorable	Egypt
AL_Daayen	Qatar
AlwatyanM	Kuwait
tovis2013	Saudi_Arabia
HonestCitizen1	Bahrain
ghanam72	Saudi_Arabia
omuhuntus	Kuwait
20lllII	Saudi_Arabia
dosoud505	Qatar
mm9_om	Oman
RTE_TLBS4	Palestine
AlmenhaliM	United_Arab_Emirates
Mohibrahem4	Saudi_Arabia
Miss7anon	Egypt
moon96337	Oman
Hamor9258	Saudi_Arabia
abushooooq8	Kuwait
Z3elmo	Egypt
M_F_lion	Saudi_Arabia
BraahHajhasan	Jordan
asirri430	Saudi_Arabia
7abeeb_ksa	Saudi_Arabia
MeRiAm_YuSuf	Algeria
ahmedsalem771	Egypt
a7md_rc	United_Arab_Emirates
1za_1	Saudi_Arabia
3keed	Bahrain
dr_alshedi	Saudi_Arabia
bandore001	Saudi_Arabia
trok1985	Qatar
ragab460	Saudi_Arabia
mramalklthami	Saudi_Arabia
Sanad962	Jordan
bum7mdaalsuwaid	United_Arab_Emirates
heammossa	Libya
Khelal97	Jordan
BennacMb	Algeria
Mohmmad12127	Kuwait
SUUFp1	Saudi_Arabia
albandry202030	Saudi_Arabia
F16_Strong	Saudi_Arabia
faisal80792720	Saudi_Arabia
Q7xxUt6oU5opqrw	Kuwait
squizocube	Tunisia
hemed444	Saudi_Arabia
yasmeen91LY	Libya
Muaat7_alhadi	Oman
atef30omer	Egypt
FBI_UAE	United_Arab_Emirates
mah_adam	Egypt
MuhssinAlrufaiy	Iraq
Freemindrose	Tunisia
H5Nfk	Kuwait
fahadmosa	Saudi_Arabia
uae_h9	United_Arab_Emirates
y2faisal	Qatar
umahmed671	Saudi_Arabia
nmh5574	Saudi_Arabia
alsultan03	Saudi_Arabia
TiLb0ZCtYz2dTSf	Egypt
MaqablehAl	Jordan
MTamTouma	Egypt
mw1u0	Saudi_Arabia
Magic2011aj	Egypt
salah82almasr	Egypt
Alooooooled	Saudi_Arabia
ThiSsouss	Sudan
ksapm	Saudi_Arabia
Koun_shehd	Lebanon
aakaljabri	Oman
14Adil	Saudi_Arabia
kuwaari	Qatar
mala_k__	Saudi_Arabia
SO1CI84nFGW05AG	Saudi_Arabia
AbdoAtt63273514	Egypt
bnshael	Saudi_Arabia
lord_haytham	Palestine
Prince1984s	Oman
yarabwafiq	Saudi_Arabia
moterro	Lebanon
galangazzz	Saudi_Arabia
83Almulla	United_Arab_Emirates
DiscoverySaudi	Saudi_Arabia
1s_zlt	Saudi_Arabia
VXHOOVXH	Kuwait
kareemali5859	Sudan
Bahrani84	Bahrain
ishtar4uu	Iraq
Aahqa	Kuwait
LTenebra	Morocco
j666hk	Saudi_Arabia
HamedAhmed_	Sudan
Nana16887619	Saudi_Arabia
a_r_g09	Saudi_Arabia
BaderJuv	Syria
Dorra_thr	Tunisia
superwafy	Egypt
rose_bladi	Morocco
bent_syria1994	Syria
dibicho	Palestine
CheMenna	Egypt
SarahAlSaedi_	Saudi_Arabia
queenghazala	Qatar
ahmed_mazz	United_Arab_Emirates
ateeqalremeith1	Bahrain
sdf_1991	Palestine
Ab8720953179	Saudi_Arabia
egyptfree69	Egypt
alka441	Saudi_Arabia
maaz_mohamed18	Sudan
noolen260	Saudi_Arabia
emadalsaleem	Saudi_Arabia
1200x1	Qatar
A_M_A_Issa	Somalia
3lialbedaiwi	Saudi_Arabia
fwwaaazzz	Kuwait
merdas54	Qatar
boodyan_santi	Sudan
7272014	Egypt
noorabdarhman	Palestine
Nahedalahmad	Yemen
alitaha121	Sudan
Nada1996_1	Palestine
homoud_7	Kuwait
9GBZzypL3WuBThJ	Sudan
ilWadli	Saudi_Arabia
Salo7SE	Kuwait
Salem_Alsaadi77	United_Arab_Emirates
2s0Le	Kuwait
HashemK2030	Saudi_Arabia
abodi80	Saudi_Arabia
shams_yemen	Yemen
yahyaloud	Mauritania
tounsiahourra	Tunisia
MVYyh98u5LzW8X9	Oman
almuhaqqalaam	Qatar
elyas_binhamd	United_Arab_Emirates
Riio0o	Kuwait
car4scar	Kuwait
al6aawil	Kuwait
dreama_80	Saudi_Arabia
al5abeer66	Kuwait
ranamalat4	Lebanon
F16P	Saudi_Arabia
AkilSharaf	Yemen
khadijalharrasi	Oman
iam_husam	Sudan
AlMaskary	United_Arab_Emirates
nasertamimi	Saudi_Arabia
bahwairath	Saudi_Arabia
Doctor___999	Saudi_Arabia
madred07	Saudi_Arabia
katyaa_33	Algeria
SousouIsm	Somalia
AMkyI1OBnggdBRm	Iraq
ay_men86	Sudan
Alisheikhhasan	Somalia
7cf80bedefbf4b9	Saudi_Arabia
abdou123alg	Algeria
amzaj4	Yemen
mahmd_albelali	Saudi_Arabia
ja3far2012	Tunisia
ilya32950804	Algeria
mary_almog	Libya
fahadaltamimi10	Saudi_Arabia
j_kurani	Lebanon
sajm1	Bahrain
i_alsanea_	Saudi_Arabia
mahmood_alyaf3y	United_Arab_Emirates
roz7001r	Saudi_Arabia
yahay____	Egypt
alkindia07	Oman
mohd032002	Saudi_Arabia
boom13548	Saudi_Arabia
Alishh14001400	Saudi_Arabia
MirghaniAl	Sudan
m_al7oot	Kuwait
moalzandi	Saudi_Arabia
alharbiali153	Saudi_Arabia
Vicky_7000	Kuwait
NabilThamri	Tunisia
SouadBenayed	Tunisia
BADWISUDANI	Sudan
alfaisail_	Oman
LibanAbdiAli	Somalia
ALIHUSSEINELHEL	Palestine
rkWm1fasMX2WzZS	Bahrain
Othmans	Egypt
AzozAlzahrani9	Saudi_Arabia
sa0kh1	Saudi_Arabia
iabdulelahz	Saudi_Arabia
Abueid1955	Algeria
Kumiyow	Somalia
3beerlawyer	Kuwait
RsssOO	Saudi_Arabia
Alblooshi_2017	United_Arab_Emirates
mabuhedaih	Saudi_Arabia
AlHamatt	United_Arab_Emirates
ramirararami	Palestine
Non96139179	United_Arab_Emirates
Thamer_ALdway	Saudi_Arabia
bofahad70704111	Qatar
al_manooo	Saudi_Arabia
lOAjEidFXCvm0Ds	Saudi_Arabia
ggIgg	Saudi_Arabia
Anas_Al_Shaikh	Bahrain
ShiebaKhames	Mauritania
Rima86144336	Lebanon
Lenounette	Tunisia
4FreeIran_	Iraq
LovePeace2018	Iraq
amroaly14	Yemen
omarali25745508	Iraq
Mnadi1392	Saudi_Arabia
ahm_almalkii	Bahrain
hu5700013832	Somalia
AA23Mar	Saudi_Arabia
Aldheghmi	Yemen
megrinfk	Saudi_Arabia
almsharb2010	Saudi_Arabia
BkoorAhmed	Sudan
1G501vKLb1ttncw	Kuwait
NizarFallaha	Syria
rayeg2020sa	Saudi_Arabia
AlammariM	Saudi_Arabia
7midoof	Sudan
goodqatari	Qatar
Joanna__19	Iraq
AbbasXSaleh	Saudi_Arabia
72Emad	Bahrain
O8UnuRenEerFO2H	Saudi_Arabia
yazed1416	Saudi_Arabia
YYE6nXgAkp8O1sV	Somalia
Alharth50422249	Saudi_Arabia
EAlsebai	Egypt
14Khalfan	Bahrain
knknksa	Saudi_Arabia
MhamdNassif	Syria
gladitormaximas	Egypt
f9_nfc01	Saudi_Arabia
AlShaikh9903	Saudi_Arabia
mesh567	Saudi_Arabia
sala7taha1	United_Arab_Emirates
Bassamalbaloul1	Palestine
muaht_hussein	Saudi_Arabia
alkamoos	Saudi_Arabia
NadaAyaam	Libya
abote98	Bahrain
kalmalhaq	Kuwait
albandar6153	Kuwait
a40071	Saudi_Arabia
75Alhinaui	Oman
fahad5114	Saudi_Arabia
qhtaan	Kuwait
vip_alhashid	Iraq
reemq20211	Saudi_Arabia
BE9o7veEMUtkPNJ	Oman
s1a1d1a	Saudi_Arabia
ghanimmoh1	Saudi_Arabia
MismarOmar	Jordan
12mohammed13	Saudi_Arabia
k_3mri	Oman
alno0oori	Morocco
Lqlqlq6	Saudi_Arabia
SY963	Syria
Daivd81809383	Oman
ali1agate	Lebanon
rN1Umhfv6optmVU	Saudi_Arabia
A7mdAlsarraf	Kuwait
S14335208	Iraq
SaadDosari	Qatar
ToooB_S	Saudi_Arabia
sudan7700usa	Sudan
ArianeElmas	Lebanon
AhmadQatar	Qatar
AmerTalaal	United_Arab_Emirates
FMO257257	Saudi_Arabia
m84X4GCdWINsQ8M	Iraq
yasermohad1	Oman
abofisal4679	Saudi_Arabia
Dr_Mokhtar1981	Egypt
alaa1047	Saudi_Arabia
q1q555	Kuwait
ShahyMonir	United_Arab_Emirates
SalmHussin	Yemen
Zaid62zizo	Algeria
6nkah	Kuwait
ahmedbarick1	Mauritania
borashid07	United_Arab_Emirates
Ties_qa	Saudi_Arabia
1RotEaVqg52xIMc	Algeria
MAlmoshhen	Saudi_Arabia
hamza_muftah83	Libya
JadRaghda	Palestine
dfff7624	Iraq
BahomaidR	Saudi_Arabia
Yousef_SA1	Saudi_Arabia
smsa1369	Saudi_Arabia
i2_14	Saudi_Arabia
saad_alaklbe	Saudi_Arabia
OmOb_2	Algeria
truth_ye	Yemen
abu_abdulelah90	Saudi_Arabia
smu222	Saudi_Arabia
kooodh	Saudi_Arabia
amaway	United_Arab_Emirates
znY4KGEDpTdpWZS	Oman
khansaheb2011	Bahrain
xosama_rashwan	Sudan
Emanoz454	Saudi_Arabia
RT___mu	Iraq
raljidani	Saudi_Arabia
Omanifa1	Oman
AliMohd_	United_Arab_Emirates
ABDULLAHsALBAKR	Saudi_Arabia
Salafisbani4	Saudi_Arabia
Zahra_Dz17	Algeria
flW6tXx9JWzAkHW	Yemen
LILOUBM	Algeria
3ozaz	Sudan
toutahahmed2	Morocco
zeko67	Egypt
moslmoune	Egypt
hnnahh333	Iraq
ahmad_fakhori	Syria
fawzi_uae	Egypt
Naawaal_1	Saudi_Arabia
Mr_adell	Bahrain
4i_7mood	Sudan
Aldrbeal	Qatar
smhod1979	Saudi_Arabia
alanzisaudi	Saudi_Arabia
ali793558	Saudi_Arabia
Almarzouqi8910	United_Arab_Emirates
Eng_alsalami	United_Arab_Emirates
naief3wa	Kuwait
kgsv13	Saudi_Arabia
CLRR5SSBgX0zkkZ	Saudi_Arabia
ltsxg	Saudi_Arabia
MTzKBPlhtgiV8Sh	Saudi_Arabia
just_me_862	Saudi_Arabia
bahjat605	Iraq
alkuwari_ameena	Qatar
abounaser_1	Saudi_Arabia
ayoobifm	Bahrain
nSanakdalbni	Sudan
almzionnaser	Kuwait
rtfasd	Saudi_Arabia
kas5043	Saudi_Arabia
freetiger3	Saudi_Arabia
mmoreba	Saudi_Arabia
re_dha2	Oman
fatuma10088	Oman
SultanBinEissa	Saudi_Arabia
bosara2011	Kuwait
a_alnu3ami	United_Arab_Emirates
loloQatar1	Qatar
nasher747ghamdi	Saudi_Arabia
nasrudinabdull7	Somalia
abdshafi99	Saudi_Arabia
Taghreedr	Palestine
Alomrani455	Saudi_Arabia
SAlmashaifari	Oman
bekn6	Saudi_Arabia
Yemenis11	Yemen
mohamedzidane	Algeria
bndar4548	Saudi_Arabia
ahmadmykuwait	Kuwait
UGm5nQRgh8hlfP0	Saudi_Arabia
starsblast7	Saudi_Arabia
Mohd_bh11	Bahrain
storm6379	Palestine
Mustafa_549	Oman
linedefense	Saudi_Arabia
albasriiee	Bahrain
GcM____	Saudi_Arabia
omar_shibli	Oman
Ranin_bk	Tunisia
Rahmab15504864	Syria
MalikMb	Oman
AliQudah95	Jordan
abusame9941	Saudi_Arabia
3liix0	Saudi_Arabia
WarsameYaasiin	Somalia
razaqsh12	Saudi_Arabia
ELMUTASIMA	Sudan
AzamAmiri	United_Arab_Emirates
Ksa_ksa_man	Saudi_Arabia
abo_fyslm	Saudi_Arabia
Ak_Alrubaian	Saudi_Arabia
adil_b98	Oman
MohammedDimashk	Lebanon
legendq821	Kuwait
hosawlan	Yemen
DYs7h	Saudi_Arabia
ameera_alishaq	Qatar
AboAws80	Saudi_Arabia
ZZJs3VOvJghBdu2	Saudi_Arabia
nourbb111	Syria
a7md_ee	Saudi_Arabia
BHZigZag	Palestine
saalhajri9	Oman
szaza19845	Yemen
AlsuhayliA	Iraq
aljebri0	Saudi_Arabia
ayadalbaeishi	Yemen
bin_Owaidah	Saudi_Arabia
mod25h	Saudi_Arabia
jamhoor_ali	Saudi_Arabia
fatmaalmulhim	Saudi_Arabia
Yeux_Sur_Mer	Algeria
Zombrakh	Tunisia
001taib	Saudi_Arabia
Malek_Ebraheem	United_Arab_Emirates
magzoubeltom	Sudan
SaadMAlJasser	Saudi_Arabia
GaLlh8	Saudi_Arabia
AlyaCh	Lebanon
alharoun_a	Kuwait
saeed0136	Saudi_Arabia
ksaeid0	Saudi_Arabia
muhamadmahgoub	Egypt
saudsaa77716004	Saudi_Arabia
m9rg3q8	Saudi_Arabia
H_SalahEddine78	Algeria
MGVKUEI5xRTjSxI	Saudi_Arabia
qatar177	Qatar
NouhSoheir	Egypt
qurac20	Somalia
abuturab_s7yrai	Syria
yazan5809	Saudi_Arabia
Humaid4040	United_Arab_Emirates
AlshareefRan	Sudan
babadeye	Mauritania
1h_a	Saudi_Arabia
Alannouud_	Qatar
MohammadRopple	Somalia
ishaq99623425	Oman
sadness211	Saudi_Arabia
fwaz7322	Saudi_Arabia
AlHaiki91	Bahrain
Mohamed25639486	Egypt
emileatallah	Lebanon
S8XOd6shPPMxl5N	Saudi_Arabia
MohdSalam	Sudan
stars5656	Saudi_Arabia
fouad_aljaber	Bahrain
hon_khadija	Somalia
qtr_lady	Qatar
xmkvh	Kuwait
mohvip164	Saudi_Arabia
fozan2039	Palestine
ksa1688875838	Saudi_Arabia
kebchiza	Tunisia
the7amza	Syria
ali_1234567p8	Saudi_Arabia
sambak911	Saudi_Arabia
Salmalsalm22	Kuwait
BelhaElkefi	Tunisia
ghazaliq8	Kuwait
bo9loo712	Kuwait
fn0uFm5h4Th02ov	Egypt
DAWAR999	Bahrain
AlWaleedR	Saudi_Arabia
dqf_w	Qatar
4tHamad	Saudi_Arabia
gnaimf	Saudi_Arabia
a_monem15436	Egypt
UTSID52WzUzyBwe	Kuwait
tshamri48	Saudi_Arabia
emad_salem21	Palestine
Amuriyeen_Off	Syria
_syntax_m	Oman
Q8Blaze	Palestine
sameraomar999	Tunisia
saberma123	Saudi_Arabia
alamassi1	United_Arab_Emirates
IRAQIA_4_LIFE	Iraq
almmalki50	Saudi_Arabia
mona_eq	Saudi_Arabia
yalshizawi	Oman
haya_ilqatarya	Qatar
sa7eraty	Lebanon
Alberaj2	United_Arab_Emirates
hacare	Libya
Ashraf_Fares	United_Arab_Emirates
busaqer62	Saudi_Arabia
Ahmad_Attameme	Saudi_Arabia
yousef7968	Jordan
abdulla7447	United_Arab_Emirates
nXMSwUsbToueo9f	Saudi_Arabia
Noon06792203	Egypt
NabilMatarweh	Kuwait
obaidalshamsi97	United_Arab_Emirates
turkyalnouh31	Saudi_Arabia
MrFaisalS	Saudi_Arabia
AlbakriHs	Oman
FakihMajed	Lebanon
AMM135790	Saudi_Arabia
5cc70urq6_a	Saudi_Arabia
metar2003	Saudi_Arabia
nouraboukhari	Saudi_Arabia
Rose00024	Saudi_Arabia
mohammed_kw15	Kuwait
abonorh1437	Saudi_Arabia
hossain1955	Saudi_Arabia
singi2017	Saudi_Arabia
mimi90803815552	Tunisia
aldharasi	Saudi_Arabia
Yousif05	Bahrain
Mi_adx	Sudan
TNTAbuDhAbi	Saudi_Arabia
doc_without	Kuwait
mstr_khalid	Saudi_Arabia
Ziani92944891	Saudi_Arabia
oneokmariam	Saudi_Arabia
altamimi___78	Kuwait
Mohamme7794	Saudi_Arabia
antr59898149	Syria
khalids19000	United_Arab_Emirates
themo8	Saudi_Arabia
maxmajed	Saudi_Arabia
Martinsmartinio	Oman
abubakrhariz	Saudi_Arabia
JnoobQ	Qatar
Som3aM009	Egypt
EssamraImen	Tunisia
mu_3at7	Oman
Pmcg9KAT8uwV5lx	Oman
Mota_Ali	Sudan
fahad_77_777	Kuwait
LeqCTV6xcEyCR2c	Saudi_Arabia
AyaAlaaAhmed	Egypt
just_has	Saudi_Arabia
NurNur11873903	Palestine
rakan_fahad88	Kuwait
unbeatable_thun	Egypt
saeed7799	United_Arab_Emirates
RashaHamoda	Egypt
CamelDrive	Qatar
abody_al3nzy	Saudi_Arabia
UAE_IH	United_Arab_Emirates
Ironiiiccc	Libya
hemo_ibrahem	Egypt
ibrahimalshaban	Saudi_Arabia
nesrinenina13	Algeria
Amor22924549	Yemen
alsulitani	Libya
goust999	Qatar
AlnasirMohammed	Saudi_Arabia
ahashem2	Yemen
AbeerAlJammal	Jordan
i6KMmyGvA54f8Uq	Saudi_Arabia
majed_8818	Saudi_Arabia
palestinefree99	Palestine
KHjdoud	Morocco
braizat	Jordan
payoub	Palestine
malawneh67	Jordan
Tunisia_Qatar	Tunisia
madx4000	Saudi_Arabia
ph_amjad	Saudi_Arabia
Nabilyousef11	Saudi_Arabia
QAWJofiF7Sr3bZM	Saudi_Arabia
zain1404	Saudi_Arabia
sh_doss87	Saudi_Arabia
AIAqatar	Qatar
hamletq8	Kuwait
abm7mad1888	Saudi_Arabia
ahmed_elqana	Saudi_Arabia
tomylove_1	Lebanon
Ibrahim49684201	Egypt
HamadAlateq	Saudi_Arabia
goodthinking12	Morocco
fisalabdalkrime	Saudi_Arabia
tmmarcov	Kuwait
kahled1105	Saudi_Arabia
AnharHilaly	Egypt
qarep2022	Saudi_Arabia
Mabbnet	Kuwait
HAghbari2	Oman
3bood_alahlawy	Palestine
theeb_99	Saudi_Arabia
ahmedfisalosman	Sudan
Falahabunahar	Kuwait
Rannaa92	Egypt
AlRShdi13	Saudi_Arabia
nimeralwaththab	Saudi_Arabia
rula_samain	Jordan
shahddq800	Kuwait
A324Um	Saudi_Arabia
botek2012	Saudi_Arabia
alymady1	Egypt
salimaelfa	Morocco
Rg3anal	Kuwait
Waleed_Jouzi	Bahrain
ggarout	Saudi_Arabia
4OcEJ3xsW9HCdTp	Yemen
oaaa111	Saudi_Arabia
UmYg50	Saudi_Arabia
AL_harbei_22	Saudi_Arabia
Alrefai42362986	Yemen
y52f	Saudi_Arabia
alzkwani230	Oman
DrMostafaElFeky	Egypt
AhmadALzurqa	Yemen
anything201	Saudi_Arabia
ahlams511	Saudi_Arabia
smart991177	Saudi_Arabia
nounour7	Tunisia
M_alhosany	Bahrain
a_9io	Saudi_Arabia
elkoly882005	Saudi_Arabia
fahadq111qtr	Qatar
msk_040	Saudi_Arabia
ftoom471	Saudi_Arabia
MSd1400	Saudi_Arabia
samyoutta	Tunisia
MaythamAlsalman	Bahrain
GayYemen2	Yemen
AfGharbi	Tunisia
Dr_reckless123	Saudi_Arabia
hafedabdrbaa	Libya
SaeedKindii	Oman
NaifKassar	Saudi_Arabia
malghenaimi_h	Oman
dooshka30	Sudan
alwalleed228	Yemen
shawkyelhamalaw	Egypt
alsaher1390	Saudi_Arabia
abo_alnooa	Saudi_Arabia
mohayaalhomran	Saudi_Arabia
aha_1391	Saudi_Arabia
hamid71255181	Iraq
soldier_sau	Saudi_Arabia
zen_zen999zzz	Somalia
king00654277	Somalia
alshamsi63333	United_Arab_Emirates
a7_hwi	Saudi_Arabia
SaadGamee	United_Arab_Emirates
Roseibrahim18	Yemen
5awali_DXB	United_Arab_Emirates
alsarm_mbn	Saudi_Arabia
PurePearls20	United_Arab_Emirates
HAMZASABR	Iraq
pureangel420	Saudi_Arabia
fahadabdrabuh	United_Arab_Emirates
nosiba80	Morocco
o_almoqbali	Oman
twitte1996	Palestine
Arabs39	Saudi_Arabia
kaloooo5	Qatar
AliABCDE	Bahrain
second_Mate	Egypt
FouziaBh	Bahrain
shathasabt	Bahrain
_mo12000	Saudi_Arabia
talap22	Saudi_Arabia
lawmt3bk	Saudi_Arabia
zyzfon2	Saudi_Arabia
abdiwahab_mh	Somalia
AhmadShafei9	Saudi_Arabia
LF3ExXaHFtBepVl	Kuwait
Rsadf75	Saudi_Arabia
iyadbader	Saudi_Arabia
GM4x703MfVA5Fiw	Yemen
Gaza1998X	Palestine
osmanabusalih	Sudan
alk301	Algeria
TaEng33038035	Oman
saas8383	Saudi_Arabia
ahaazeeg	Yemen
3W_AD	Qatar
99894811_abdu	Oman
fares40	Egypt
rashidaldosari	Bahrain
ssssmym00	Bahrain
Rashed1480	Saudi_Arabia
3asal__	Palestine
S6j__	Saudi_Arabia
faisaljezza	Saudi_Arabia
AmalLaham	Egypt
mujtahede	Saudi_Arabia
Caline_N	Lebanon
paris20011	Saudi_Arabia
ShahnazShahi	United_Arab_Emirates
Abookhalledd	Saudi_Arabia
AMA_3232	Saudi_Arabia
AbuAhmadll	Saudi_Arabia
Abdulla44malki	Qatar
ammar_A_alrhman	Sudan
alalawi_m	Saudi_Arabia
AHMEDBATAMIRA	Oman
safiamh71	Libya
bd_q81	Kuwait
Saudifightr	Saudi_Arabia
s7m15	Saudi_Arabia
over1407	Saudi_Arabia
Oo2010Arwa	Saudi_Arabia
szergout	Morocco
azza_alkkabi	Mauritania
dooodi0077	Saudi_Arabia
Zaytona_2011	Sudan
aldee7ani_m	Kuwait
abo_sara27	Kuwait
MrSaad511	Saudi_Arabia
Th_AL305	Saudi_Arabia
saeedal87340337	Saudi_Arabia
la71w	Saudi_Arabia
fahd49055790	Saudi_Arabia
bohamad677	Qatar
bent_alfayroooz	Bahrain
khalil7285711	Syria
hellrazersss	Saudi_Arabia
crstyn1234	Saudi_Arabia
alrajhi9090	Saudi_Arabia
ksa3mar	Saudi_Arabia
DPPA4BFbbhwGTlQ	Yemen
AliHoshow	Somalia
Na7Sansan	Saudi_Arabia
alissaahmed2	Saudi_Arabia
berota_q8	Kuwait
Sudanesedream	Sudan
d0rgham	United_Arab_Emirates
malraqqadi	Saudi_Arabia
IK4wHxQSIodxrEL	Yemen
IBRAHIMBELLEBNA	Algeria
Nassime4389	Saudi_Arabia
Hamadalhajri73	Qatar
HEMOSEKE	Libya
iiiiivvm	Saudi_Arabia
troooq23	Saudi_Arabia
dina_bk	Lebanon
khliedq8	Saudi_Arabia
bentalfaris1	Kuwait
AlMhid_Mohammed	Saudi_Arabia
KSA120	Saudi_Arabia
Kcitq8	Kuwait
msaad_msaad9972	Saudi_Arabia
Ahmedkhatab89	Egypt
AyeshAlshlwi	Saudi_Arabia
Mash_AlMutairi	Saudi_Arabia
ahmed252578	Saudi_Arabia
N2yO7uViploqW06	Saudi_Arabia
YazanAbdelkhalq	Jordan
abuyousf21	Qatar
lanasaad4	Iraq
BoMahmood1	Palestine
Ro7alwed	Saudi_Arabia
zahrate_nada	Egypt
harunmhmd2	Saudi_Arabia
Rashid_Alkuwari	Qatar
abdullahkh73	Saudi_Arabia
Mobaj8888	Yemen
kaalhosani	United_Arab_Emirates
gr3t6p46VimnWhn	Somalia
sheeksbeer	Libya
MMatug	Libya
bhmj123	Saudi_Arabia
_MansourAlabbas	Saudi_Arabia
NinouTantou	Tunisia
ZNEXePg9XLqvcxd	Yemen
alshaima61290	Sudan
BaheyHassan	Egypt
Ikx2Bu	Iraq
med_wel_brahim	Mauritania
abeerqhtaneya	Saudi_Arabia
wgtt5	Saudi_Arabia
5Shehab	Saudi_Arabia
bandar1223	Saudi_Arabia
W4HACKER	Saudi_Arabia
Carol_Mahadeen	Jordan
123m_00	Saudi_Arabia
Farah_Maraqa	Jordan
3zoozalRshede	United_Arab_Emirates
GhamdanAlyosifi	Yemen
IKRAMNANA33	Algeria
samia57109959	Mauritania
hamdaliabdulah	Qatar
iabmfmuhssn	Saudi_Arabia
Dhaen_Alamiri	United_Arab_Emirates
fuaadmohiddin	Somalia
HananAlsadhan	Saudi_Arabia
albusaidi993	Oman
bos3ed66gmailc1	Qatar
spoort9900	Saudi_Arabia
ucef_mt	Algeria
jnj1st	Saudi_Arabia
AhmedAb68026401	Yemen
7all64	Jordan
zaeem14	Saudi_Arabia
AlmontaserIA	Libya
TarekAbo3yada	Egypt
qTEaNT24raY3	Bahrain
Ahmed_452A	Saudi_Arabia
HayelKhazaal	Lebanon
SON_OF_DOHA	Qatar
alhashmi_muna	Oman
Eng_Elshenawyy	Egypt
heiro97	Saudi_Arabia
sule4ever	Saudi_Arabia
SaddamSayyaleh	Jordan
RedaIAMAa	Egypt
wCvYvnHOmc7yNOV	Saudi_Arabia
tanhapak1	Yemen
TurkiBarrak	Saudi_Arabia
dx13URxSuWi76eN	Sudan
Bashemohamoud1	Somalia
Rose71060740	Oman
mzalshahwani	Qatar
MAXz93	Oman
SigmSig	Saudi_Arabia
emy_queen2018	Egypt
AltenaijiMusab	United_Arab_Emirates
uaeuae21	United_Arab_Emirates
AlyaziFalasara	Saudi_Arabia
s7r_alkalaf	Saudi_Arabia
Life__may666	Saudi_Arabia
NashwanTruck	Jordan
QASEM3000	Iraq
hanyvet2000	Oman
sidi_othman	Mauritania
k1395z	Saudi_Arabia
tqtqh	Egypt
Amtaj2000	Saudi_Arabia
fhaid1010	Saudi_Arabia
raied448	Saudi_Arabia
read_991	Iraq
o_redwan	Egypt
Kaimy1gmailcom1	Algeria
azm_w_hzm	Saudi_Arabia
saeed05864920	Saudi_Arabia
Ra7Ra700	Saudi_Arabia
Rayen_Annes	Algeria
yemenpeople111	Yemen
jksafnm	Saudi_Arabia
AahmedSadm	Saudi_Arabia
hebaBhassan	Sudan
_amoollh	Saudi_Arabia
ahmd9818	Saudi_Arabia
SAMA_______12	Iraq
Crazyy_777	Kuwait
ahasnimustapha	Morocco
fi23fi2f	Bahrain
ssbawazir	Saudi_Arabia
zinebbatna23	Algeria
mohamedelsadek_	Algeria
ahmedou0086	Mauritania
ameen1120amen	Yemen
abo_3mr_alrshod	Iraq
Alshareefmt	Saudi_Arabia
albedwawy55	United_Arab_Emirates
MayadaBadafari	Djibouti
TALEBMAM	United_Arab_Emirates
zead_m_kh	Saudi_Arabia
SADEEMSK2	Saudi_Arabia
alidarwish1958	Jordan
pCQVc5EphOc8ZfR	Yemen
Aliaa_Alhwitat	Palestine
FahadsultanjEA1	United_Arab_Emirates
ssaaeedd050	Saudi_Arabia
10o0o0o0o0	Saudi_Arabia
almoqati_a	Iraq
SaifAlWahaibi	Oman
mmfahad505	Kuwait
eOoLA4g9WGqPu8e	Qatar
amb554005	Mauritania
nouh_mujaini	Oman
weldmagh	Morocco
elgringo1984	Algeria
BiongPiot	Sudan
sally_rachid28	Lebanon
booh_ajwdy	Saudi_Arabia
q8__athkaar	Kuwait
nawaf3020	Saudi_Arabia
hayamt25	Jordan
w_id_ad	Morocco
Zuhair55A	Kuwait
majedbe83	Oman
jj6h4m9prNoLWD5	Algeria
hamzaahboub	Morocco
iben_Chinguit	Mauritania
alsaif_alarabi	Saudi_Arabia
tarigamdi	Saudi_Arabia
cap_khalid	Saudi_Arabia
zlanghi	Libya
dsdm64	Egypt
Ar_l95	Kuwait
Lhlah	Saudi_Arabia
AmaratShaheen	Qatar
Emanh23498911	Egypt
Almis7aL73	Qatar
2014_1412	Saudi_Arabia
ali67ka	Iraq
WfV36YTSwuPRH6C	Saudi_Arabia
Moazwedaa	Sudan
8Zangah	Saudi_Arabia
Bilal_Amri2	Algeria
mutlaqAbohamra	Saudi_Arabia
darazeen	United_Arab_Emirates
aboabda80303007	Saudi_Arabia
F_O_Altyyar	Saudi_Arabia
128U764gK2bp2Iz	Saudi_Arabia
tabbta30	Saudi_Arabia
Annabia_Qatar	Qatar
saad_1381	Saudi_Arabia
oalzaabi	United_Arab_Emirates
2z2Fahd	Saudi_Arabia
storm_ksa7	Saudi_Arabia
medoesmaeil	Egypt
alimasrahi2	Saudi_Arabia
nn_2003	Saudi_Arabia
unicam2015	Bahrain
butterfly_ezel	Lebanon
Basma_2323	Saudi_Arabia
N1930A	Saudi_Arabia
sheree105	Egypt
0552486626	Saudi_Arabia
alomari911	Saudi_Arabia
sauoda21	Saudi_Arabia
dilkoaz999	Lebanon
MohammadAdawi4	Jordan
BAHI111110	Algeria
hmhrs_00	Saudi_Arabia
fatomm123	Bahrain
essa808	Saudi_Arabia
Kv6uT600600	Oman
Qaysnajiblovers	Syria
W___ssm	Iraq
aalmariq	Saudi_Arabia
e_ljabrii	Libya
LuaySIbrahim1	Jordan
Slinc4	Somalia
Sn1qGSzvYgk5rCU	Saudi_Arabia
alyahya2004	Saudi_Arabia
ha_sa_n1	Iraq
hasako_official	Sudan
HASSAN_OMAN	Oman
DCCcoQS9oD9fxod	Saudi_Arabia
2015Sammi	Saudi_Arabia
ibnumunewor	Saudi_Arabia
mikahpsy	Algeria
MAbumuhnna99	Jordan
Louis_joseph_ga	Algeria
wadiham101	United_Arab_Emirates
jTkk0sBUlkSSKyB	Iraq
D6O61uhMrUq2gAz	Saudi_Arabia
fawzialghamdi	Saudi_Arabia
bbb_bbb00228728	Saudi_Arabia
hamzaorfali	Sudan
lina_krieshan	Jordan
oman8zaid	Oman
Alghamdikhalida	Saudi_Arabia
ali12828	Saudi_Arabia
saadaziz10	Saudi_Arabia
Almanso43133068	United_Arab_Emirates
ali_qataf	Bahrain
Oman4ever_1986	Oman
ASnosey	Tunisia
Mo_3tia	Egypt
Linda60966829	Algeria
E96m_x	Morocco
jamal_mahrous	Egypt
TIizev3aBq7JB5f	Saudi_Arabia
abutariqalrosey	Yemen
iAliArabic	Saudi_Arabia
moonlight88m	Qatar
EngMagdaalgendy	Egypt
alisaed4	Saudi_Arabia
oman1983	Oman
MAlhashmi77	Oman
abodeeem	Saudi_Arabia
trhonymohamed	Libya
___h1111	Iraq
AlanaziAlyas	Saudi_Arabia
Alkayyoomi_M	United_Arab_Emirates
52B_F_007	Kuwait
Dr_Alnour	Sudan
vox55555	Saudi_Arabia
MedVadelMohame1	United_Arab_Emirates
M050248m	Saudi_Arabia
BIN_SIDRAN	Saudi_Arabia
jamaanzahrani2	Saudi_Arabia
a7_7789	Iraq
aseratalthokryt	Iraq
00m0barak12	Saudi_Arabia
realhappy2012	Kuwait
RashidAhr36	United_Arab_Emirates
kortyna1	Saudi_Arabia
SprtAlgTalents	Algeria
DeerAmina	Somalia
fhd00ksa	Saudi_Arabia
moon0564	Saudi_Arabia
_7ajmi	Kuwait
Rnwe03JV9114rec	Saudi_Arabia
jassim67910727	Saudi_Arabia
Sahb_M1	Kuwait
Arfaj1	Saudi_Arabia
4_vcz	United_Arab_Emirates
ahattan_12345	Saudi_Arabia
nasim888	Syria
jameel77416	Oman
alhusseini_zaid	Iraq
Sarabr96	Saudi_Arabia
mradgggggg	Saudi_Arabia
Khaledkhalily	Egypt
10_flowers	Saudi_Arabia
_hj511	Qatar
mahmuodalmsarte	Libya
kadri_karim_1	Saudi_Arabia
hussainba7rain	Bahrain
AtwehSamir	Lebanon
s6o__z	Kuwait
ahmdould	Mauritania
ail_Sh6666	Iraq
VYI8i9h8W5rQwER	Saudi_Arabia
dimaharmouche	Lebanon
waelalarbe_11	Palestine
mzeezm131	Egypt
oman_old	Oman
Abdulmalik914	Oman
SahelHKJ	Jordan
saAZFv99ZT84cGf	Saudi_Arabia
bu3oof_ae	United_Arab_Emirates
aya_deibes	Egypt
UAE_WHF	United_Arab_Emirates
HanoudLalla	Morocco
NAIF_ALMGHAMIS	Kuwait
mohlem9	Algeria
KhotyarK	Lebanon
Asslfy_3bid	Libya
khalidmajali2	Jordan
ABOSULT06018218	Qatar
a7madey1	Saudi_Arabia
abobadr22261	Saudi_Arabia
abufahd11588	Saudi_Arabia
aziz85046035	Saudi_Arabia
KhuzaimArt	Saudi_Arabia
alghuraify66	Kuwait
the3ziiz	Saudi_Arabia
HasanMarzooq	Bahrain
Ali2007Hussin	Yemen
22923A	Lebanon
coshtashipy	Libya
adamnowaa	Egypt
sh3ooL127	Saudi_Arabia
ElanzyRashed	Saudi_Arabia
TAQIALZEERA	Bahrain
qobserver1	Saudi_Arabia
KhuloodMa	Saudi_Arabia
Salemala2017T	Saudi_Arabia
reall_hussein	Sudan
abdullahnazzalA	Saudi_Arabia
muhammadqandee1	Sudan
ahmadov2007	Saudi_Arabia
monzerhakeem	Saudi_Arabia
samiraden	Somalia
wkhaledw2	Saudi_Arabia
WasilaMoussaoui	Algeria
awsmuslim13	Egypt
Eiacx	Bahrain
abcd820abcd	Saudi_Arabia
kFjWBQym3zktA6S	Saudi_Arabia
sr452424740	Saudi_Arabia
Belal2412	Saudi_Arabia
Alraawwy	United_Arab_Emirates
ashaowli	Saudi_Arabia
zahiralhashami9	Oman
artugl_q8	Kuwait
aljabri_j	United_Arab_Emirates
e9aaal	Saudi_Arabia
me_3th	United_Arab_Emirates
mohammedQam	Bahrain
Salma_MG123	Egypt
Talal14570601	Saudi_Arabia
LAIDC	Algeria
BKDOHA	Morocco
441_y	United_Arab_Emirates
zaid899	Saudi_Arabia
ayimaanone	Somalia
kleedalsalh	Saudi_Arabia
Badroooov	Kuwait
tammem001	Saudi_Arabia
AbdualazezK	Saudi_Arabia
Kaid26884034	Saudi_Arabia
Joolinrosy	Saudi_Arabia
NAljuribh	Saudi_Arabia
ksLZgmItCfcPnbz	Saudi_Arabia
sultan1_7_1407	Saudi_Arabia
ShimiFisal	Saudi_Arabia
alsaeiti87	Libya
snooh67	Bahrain
menwir	Saudi_Arabia
fahd_alotibi	Kuwait
hamazhocine	Algeria
a0551785344	Saudi_Arabia
abuAdnan1974	Oman
ahmed_ouerdiane	Tunisia
N_alzhra	Iraq
musabmn19	Sudan
lamis_eisa	Palestine
AsmaDz161	Algeria
elyaso279	Saudi_Arabia
MHvyug5HGcIXOAg	Saudi_Arabia
Sadeg9020	Sudan
azoz4ks	Saudi_Arabia
QVIPQF	Saudi_Arabia
_sameer_Hassan	Yemen
khaledkhedir	Sudan
EngHamza2000	Egypt
abdulwahedkaabi	United_Arab_Emirates
L11sHGCOSU5reOU	Iraq
yahqoby	Libya
Asma10Z	Libya
hanaansyrya	Syria
hanan94_	Bahrain
Guevara1430	Lebanon
lhafadabdallah2	Mauritania
1Bandaralotaibi	Saudi_Arabia
eid_badei	Jordan
madridy654	Bahrain
yahya50837160	Kuwait
mazyd71	Saudi_Arabia
gghh_802	Saudi_Arabia
hasoOoN87	Bahrain
lahcensakour	Morocco
SudaZoal	Sudan
A_UAE9	United_Arab_Emirates
sa_g3_	Iraq
Om0Nt	United_Arab_Emirates
youcefbaaloudj	Algeria
gaston810	Iraq
Njoudmy	Saudi_Arabia
alkanderidana	Kuwait
Mohamme51971076	Saudi_Arabia
hassanalishaq73	Qatar
mohamadMidriss1	Palestine
Eng_emmy7	Jordan
DJPER50N	Sudan
falah5555	Saudi_Arabia
RaneemSaraireh	Jordan
sanamahfoudhi	Tunisia
DORA_IQ	Iraq
mouradmohsenn	Egypt
poor_2222	Saudi_Arabia
h7m7s	Saudi_Arabia
Hady6Almghad1	Saudi_Arabia
ABUHUMA25606458	Egypt
mfsa33	Saudi_Arabia
saliMadridista	Tunisia
meshal6x_	Kuwait
ahlamebrahim3	Saudi_Arabia
mohamed_alshmry	Kuwait
alsaggaf_ammar	Yemen
0rashied	Saudi_Arabia
AqeelJassim	Bahrain
Queen______N	Iraq
Ya_quds	Bahrain
abdullahalwahba	Saudi_Arabia
ta2ooo	Kuwait
mojojojo903	Saudi_Arabia
alimmm19	Bahrain
BuallayA	Bahrain
folol5	Palestine
AsaadAlyahyai	Oman
acxkU4hrgQC98ex	Jordan
Moh_Jamea	Sudan
rRhVbjHoIrXzL31	Saudi_Arabia
sbm1956	Saudi_Arabia
57skqEsAoSg7dBZ	Jordan
zzzyyy1123	Oman
adhamfawzy10	Egypt
Almaha91_B	Qatar
AshjanHendi	Saudi_Arabia
baderalotiby	Saudi_Arabia
memory_o	Saudi_Arabia
Mona80791259	Saudi_Arabia
BOHOEzefjsvVEji	Kuwait
azdamdam	Saudi_Arabia
m_ali__91	Sudan
c44484	Saudi_Arabia
Sami36254314	Algeria
a_ksa2030	Saudi_Arabia
Melika37	Mauritania
elmahi55	Sudan
Linashannak	Jordan
basem19702121	Saudi_Arabia
safaafouad1234	Egypt
AAbastaki	United_Arab_Emirates
alial7arbi45	Kuwait
aboyosef771	Yemen
moriash92	Jordan
YE__2019	Yemen
JackPoladian	Lebanon
arshad7790	Qatar
Ahassan_UN	Egypt
harbi1401	Saudi_Arabia
amal90_r	Saudi_Arabia
mbash123	Somalia
fawzyalokaishi	Yemen
NadaKhalid91	Bahrain
iJosif	Qatar
T2MLat_	Kuwait
1w9m8n9	Yemen
abdo1152015	Libya
s_alghazi90	Oman
abotamam73	Iraq
saaad5291	Iraq
frvori	Saudi_Arabia
Jassim12348	Qatar
BarakatMaruf	Syria
Ana14143	Saudi_Arabia
MotasemNaim	Palestine
Ma7bobtaa	Kuwait
2017alieid	Egypt
fouad2221	Saudi_Arabia
Mena83933217	Egypt
Mcmrais10	Somalia
HamzahAbed58	Syria
Basoumeh	Jordan
f_almesfir	Saudi_Arabia
ElkafraweyG	Egypt
IosifSaint	Morocco
mh_salim_313	Iraq
H_789987	Saudi_Arabia
zuwawaa	Libya
Jaber__r	Saudi_Arabia
omanpk715	Oman
Althagfe02Kh	Saudi_Arabia
AAlgthami	Saudi_Arabia
huoda46	Saudi_Arabia
hsmyzm	Oman
MohamedHnid	Tunisia
MhmDan011966	Saudi_Arabia
A7Oj8zHs9g4QrtG	Jordan
who_said_so	Iraq
yasiri1989	Iraq
qp3yeYXCsQcz0uk	Libya
aboodycx3	Sudan
76_fahad	Qatar
za121342	Oman
mohamedzitout	Algeria
jaybah98	Bahrain
samwrax	Yemen
h_ok4ok2010	Kuwait
moe_abuasi	Palestine
sportkuw2	Kuwait
thebahraini	Bahrain
Fadi_Alkhatib	Jordan
likegold1	Saudi_Arabia
jS5GSuow93YJOPv	Iraq
5a7DqYpW9X8cd4D	Saudi_Arabia
MaghniZakariya	Algeria
alareash1234	Kuwait
alwaleed8000	Yemen
M4ymfqe	Saudi_Arabia
amnassir5	Iraq
AlhitmiKhalifa	Qatar
ali28472183	Saudi_Arabia
HasanFarhan	Yemen
hamzaellf	Libya
redaos	Saudi_Arabia
sherifkhater1	Egypt
ali_dz2583	Algeria
BaladIbn	Egypt
MEphotoDEC	Libya
eVaahiSnVXYPvv8	Morocco
AbuUrdon	Jordan
Bosni94	Syria
Passeint1	Egypt
Muhanned966	Saudi_Arabia
abdulazizturiki	Saudi_Arabia
wadalbabai	Sudan
sam_samsem212	Saudi_Arabia
Yunes_Islam	Algeria
SMK_83	Qatar
mhammed5022	Saudi_Arabia
alfiesal9999	Saudi_Arabia
optmis_	Kuwait
amrrafat667	Egypt
aameraldafeeri	Kuwait
bin_lahej	United_Arab_Emirates
faisalal3nazi	Saudi_Arabia
a_e00omr	Qatar
abuabdullah2080	Saudi_Arabia
master_a74	Egypt
jamalkoo75	Yemen
amooolti86	Oman
saudalmeleihi	Saudi_Arabia
amona77	Qatar
wolf__lb	Lebanon
hassanabdullah1	Saudi_Arabia
salehabal	Saudi_Arabia
xfakhry	Egypt
waqwaq112	Saudi_Arabia
zV9lMruaU1ee6og	Saudi_Arabia
ProfeserSi	Egypt
kabusnaineh1	Palestine
P4Hny8	Saudi_Arabia
l1801	Mauritania
abdullah_E_q8	Kuwait
sayedaliSB	Bahrain
TopCars11	Saudi_Arabia
vieri4906	United_Arab_Emirates
NasElmakki	Sudan
FilombAlg	Algeria
Aj3AHMED	Saudi_Arabia
sa7b_mzaj	Kuwait
Uob1992	Bahrain
Dr_Alhowil	Saudi_Arabia
SideyeE	Mauritania
Abosami09	Lebanon
mohhd1398	Saudi_Arabia
mmoohh377	Yemen
saadq8_7rr	Kuwait
alwaffii1	United_Arab_Emirates
gamalona	Saudi_Arabia
bentalhudaq	Bahrain
kalmazrooei1	United_Arab_Emirates
yaah_mm2634033	Bahrain
yasmeenbehaijan	Saudi_Arabia
alrawa7i999	Oman
3gar5546	Saudi_Arabia
JudiciousArab	Saudi_Arabia
SNSA1978	Saudi_Arabia
Yousef_YAAKOUB	Saudi_Arabia
akh_amool	Jordan
Kittaya14083982	Saudi_Arabia
ElellaAshraf	Egypt
BMWBMW1122	Saudi_Arabia
yahyagahfaly	Saudi_Arabia
AssaadMahmed	Oman
salehabdulleh14	Saudi_Arabia
MWahbaUN	Egypt
Me_TheKing	Bahrain
Noori71644204	Kuwait
aboooo096	Saudi_Arabia
ks4l00000	Saudi_Arabia
sam818ly	Libya
bader_jaser	Kuwait
sonbbor	Saudi_Arabia
baher_elbahy	Egypt
Zeco00292048	Jordan
RnOMaFeMnO	Jordan
fahdobeed	Saudi_Arabia
MuhuMava	Iraq
a_anaji	Saudi_Arabia
jbinthani	Qatar
Arya914	Oman
AbuFarisAlAmri2	Saudi_Arabia
200yhm	Palestine
slahsly	Saudi_Arabia
samraaroshdy	Egypt
MinouCh51340633	Algeria
ab_alzaid	Kuwait
naiefooc	Kuwait
Adnan_Jas	Saudi_Arabia
alshamsi510	United_Arab_Emirates
dr_barjas1977	Kuwait
eZUrTqEcgaz8DpT	Yemen
xdan_ee	Saudi_Arabia
Fg092	Saudi_Arabia
rashedaa6	Saudi_Arabia
SaraAlQubissi	United_Arab_Emirates
XeMSGUE1J7KqYEw	Iraq
aboraid232	Saudi_Arabia
mo2re5	Palestine
KhaledMonassar	Yemen
NeQkx	Saudi_Arabia
Albatoo21080016	Jordan
Ayoubalsarkhi	Oman
amer_amer2014y	Libya
Bin_jameelmakki	Saudi_Arabia
noor79_aldeen	Iraq
gJihFrGM82PYHSN	Saudi_Arabia
Ebr_AbdAllah	Yemen
Mo10h	Saudi_Arabia
GihadEleslam	Egypt
sheboo_007	Saudi_Arabia
Fatma_AlDosari	Qatar
VGDakessian	Jordan
shs142	Saudi_Arabia
Rashid_Saif_11	United_Arab_Emirates
ra8oi__a	United_Arab_Emirates
rawya40565152	Tunisia
Aldurzi	Syria
AbuOmar3322	Saudi_Arabia
allawialquri	Oman
nice_alsinani	Oman
saleh_alman3	Saudi_Arabia
Qahtanews	Yemen
RiyadhAlrifai	Libya
nasser57302	Yemen
drade01	Saudi_Arabia
_k880	Saudi_Arabia
ranaabdalla4	Sudan
hassan28691894	Egypt
AlwaLeed72	Bahrain
chchvc890	Saudi_Arabia
ayobalbahrani	Bahrain
libya_fan	Libya
abubakr4545	Saudi_Arabia
ASukhaili	Saudi_Arabia
Nabeel_Alalawi	Saudi_Arabia
alomran_afaf	Saudi_Arabia
aboryan0569	Saudi_Arabia
anwarelamir1	Lebanon
KQUSSAI	Palestine
imiik	Qatar
Aaalllll7	Kuwait
Moha_Alshawesh	Libya
MALHACHIMI	Tunisia
samial30493477	Jordan
chiheb12	Tunisia
ALSHAMMARY__KSA	Saudi_Arabia
YassoZawchi	Tunisia
mfalnader	Saudi_Arabia
um_sadan	Saudi_Arabia
muniif88v	Somalia
nghamdi76	Saudi_Arabia
med_siy	Mauritania
thameralkaabi33	Qatar
hayef_9	Kuwait
8sul2013	Saudi_Arabia
Talal_Al_Motair	Saudi_Arabia
tttttt2010tt	Yemen
adilalhbsi	Oman
jgfdg1754	Saudi_Arabia
Faha45	Bahrain
20_rrrr	Saudi_Arabia
Ebn_matar	Yemen
s7hlIgXvVMFMHlu	Saudi_Arabia
bihokuwait	Kuwait
positive_omani_	Oman
myasb34	Saudi_Arabia
mohamme60371250	Saudi_Arabia
hamzahvib	Saudi_Arabia
MsqDentist11	Saudi_Arabia
poooaaa100	Saudi_Arabia
om3boood7	Saudi_Arabia
amabkr	Saudi_Arabia
eidmoha87856552	Egypt
mshantir	Jordan
IORtURbmJBrUKQe	Saudi_Arabia
Libyanman1985	Libya
21gHuigMXY6iPLL	Syria
6bf67cac47fd469	Somalia
sultanalsfr	Saudi_Arabia
alhayni	Saudi_Arabia
Najeh_Moustapha	Mauritania
alyeltelees	Egypt
midoyaccoub666	Mauritania
Tahaabuyusuf	Egypt
bird99_b	Lebanon
keGyFjvebvsddsh	Yemen
AlkabiMohammed	Saudi_Arabia
rayed1420	Saudi_Arabia
ertugrulgulf	Qatar
Ibrahimrauf33	Yemen
FAbuTaleb	Jordan
Emadalduobi	Saudi_Arabia
ahmedaaabbas	Bahrain
Elham_Essam	Egypt
noura_025	United_Arab_Emirates
nora7743	Saudi_Arabia
aboood3027	Saudi_Arabia
ggggaaaa1296	Jordan
ghiless	Algeria
4PgLAQeZwfi5uFC	Oman
SamihMugawar	Yemen
__M9O	Saudi_Arabia
faracha75153290	Morocco
saharmaroni	Lebanon
LayalBishara	Palestine
dreamerq8i	Kuwait
hhklk3478	Iraq
SuleimanHD	Jordan
Abufaisal5666	Saudi_Arabia
amo0o00o0na	Saudi_Arabia
fawwazmh	Saudi_Arabia
MothannaGh	Jordan
k6dosr	Kuwait
midolebnen	Lebanon
the_ghost_3	Lebanon
salajeel1	Kuwait
Abods49	Kuwait
TBA_alshehi	United_Arab_Emirates
mohamedomar_a	Libya
CIA_QATAR	Qatar
mohammedsaab_	Saudi_Arabia
pr5881	Kuwait
tatatata430	Egypt
facethemoon9	Saudi_Arabia
h_n_hn	Saudi_Arabia
ch_m_09	Mauritania
Ghanem_alDoss	Saudi_Arabia
Ma7moudBakr2	Egypt
Hooba80e	Libya
SamJundi	Lebanon
DrMohamedBaqer	Bahrain
muhannadaltari2	Egypt
Soulii92	Kuwait
Sa2Safa	Libya
Gw3rLuB9xNJiD3n	Saudi_Arabia
juelvern	Algeria
mohammediawaji	Saudi_Arabia
suhail___1	Saudi_Arabia
Halde7ani	Kuwait
ayman_jama	Somalia
ygIyWcRcK9lmPGB	Saudi_Arabia
7ekayaat	Qatar
G0ZCehIBP43IUid	Kuwait
AbdallaHabane	Somalia
M_Tounsia	Tunisia
AbdBrai	Saudi_Arabia
_ReadytoChange	Algeria
3787_n	Saudi_Arabia
SpySpo	Algeria
mbfm2002	Saudi_Arabia
pshegubj	Jordan
fd20fd20	Saudi_Arabia
naqaoa90	Oman
ksdg123	Yemen
AishaBalouchie	Bahrain
almooj666	Saudi_Arabia
Dr_Alderazi	Bahrain
Bader_Mootari	Saudi_Arabia
hammadalsul223	Saudi_Arabia
AMarzoqy	Saudi_Arabia
Eng_Mohammed0	Saudi_Arabia
alaidrooos	United_Arab_Emirates
dr_MHaddad	Syria
Alamri2018Ahmad	Kuwait
mohmd78307627	Oman
DrAlmobarki	Saudi_Arabia
mohammed01salih	Libya
B2000Baqer	Qatar
alturky28	Saudi_Arabia
salmheseen	Egypt
alrogy_167	Saudi_Arabia
sayedhadi	Bahrain
fffffbbbbbsssss	Kuwait
qtrqtr2233	Qatar
1searchlight1	Saudi_Arabia
Hmod77763	Saudi_Arabia
daiud_ali	Lebanon
mohd_medo2020	Egypt
ovvvvovvv	Kuwait
oVmSl09IR3u4urh	Palestine
3y3__	United_Arab_Emirates
thefalcon2211	Saudi_Arabia
Ihab20hoba	Morocco
Salah52118514	Saudi_Arabia
mohadqahtani	Saudi_Arabia
HMidfa	United_Arab_Emirates
MaherBarotchi	Syria
fatima_g88	Qatar
aladalaaah	Kuwait
Bolbqa1	Kuwait
Walid_Al_Motari	Saudi_Arabia
megahed2	Egypt
abinnayem	United_Arab_Emirates
almtfal347	Saudi_Arabia
domohamed0	Sudan
talalalhammadi3	Yemen
asadi255	Iraq
roushdees	Egypt
suriAsyl	Syria
Ghimh96	Oman
AbuSana80272715	Jordan
KebayL	Algeria
i01JHZTEzemXhFE	Yemen
saafan10	Kuwait
hm7hfDFzpWoAKi0	Yemen
Boatnight88	Saudi_Arabia
motfahm7	Yemen
hendsuleman	Libya
alfooz188588	Kuwait
7mdfcb	Saudi_Arabia
Maf11Ma	Saudi_Arabia
Marcil_Mardian	Lebanon
samii0053	Morocco
A_mla007	Saudi_Arabia
HafeedAlfarouk	Saudi_Arabia
Attozio	Sudan
Karama_Ben_Amor	Tunisia
akram202031	Yemen
dihya_aa	Iraq
Olaaabdelr7man	United_Arab_Emirates
rustaq77s	Oman
zhiyr	Saudi_Arabia
MAlMuharraqi	Bahrain
EhabShammas	Jordan
abo_ali_bah	Bahrain
Yemen_4449	Yemen
wardanaqiya	Oman
DoaaArafat	Egypt
rabiehharb	Lebanon
heartqtr	Qatar
talaat_elmofti	Palestine
boHassanAlsheeb	Qatar
Caynawi123	Somalia
KhaliFAh_j11	Morocco
AlOlayan_Q8	Kuwait
AlTukwa	Iraq
MunaAlagory	Libya
TassiliDZA	Algeria
aletihadae	United_Arab_Emirates
IbrahimMaazi5	Morocco
sudanblogger	Sudan
abdelkrimchrif	Morocco
AbdeKhidri	Algeria
3yashsh	Yemen
husseinhazouri	Lebanon
U2hbJC73f3MQAyQ	Algeria
majitan57	Kuwait
Elmessallati	Libya
91moon1	United_Arab_Emirates
mograbi_el	Libya
haitemfrayne	Morocco
abbas_chreif	Lebanon
adkh252	Somalia
YarubEng	Jordan
mabroukadwtv	Tunisia
MukhtarNuur	Somalia
arabia091	Mauritania
sfh5440	Saudi_Arabia
EX_800	Saudi_Arabia
